{
  "brands": [
    {
      "brand_id": 1,
      "name": "Nike",
      "description": "Nike brand"
    },
    {
      "brand_id": 2,
      "name": "Adidas",
      "description": "Adidas brand"
    },
    {
      "brand_id": 3,
      "name": "Puma",
      "description": "Puma brand"
    },
    {
      "brand_id": 4,
      "name": "Converse",
      "description": "Converse brand"
    }
  ],
  "categories": [
    {
      "category_id": 1,
      "name": "Men",
      "slug": "men",
      "description": null,
      "parent_id": null
    },
    {
      "category_id": 2,
      "name": "Women",
      "slug": "women",
      "description": null,
      "parent_id": null
    },
    {
      "category_id": 3,
      "name": "Sneakers",
      "slug": "sneakers",
      "description": null,
      "parent_id": 1
    }
  ],
  "products": [
    {
      "product_id": 1,
      "name": "Sneaker Model 1",
      "slug": "sneaker-model-1",
      "description": "High quality sneaker number 1",
      "price": 1550000,
      "discount_percentage": null,
      "image_url": "/images/product-1.jpg",
      "brand_id": 2,
      "category_id": 3,
      "is_active": true,
      "created_at": "2025-12-31T06:18:01.619Z"
    },
    {
      "product_id": 2,
      "name": "Sneaker Model 2",
      "slug": "sneaker-model-2",
      "description": "High quality sneaker number 2",
      "price": 1600000,
      "discount_percentage": null,
      "image_url": "/images/product-2.jpg",
      "brand_id": 3,
      "category_id": 3,
      "is_active": true,
      "created_at": "2025-12-31T06:18:01.620Z"
    },
    {
      "product_id": 3,
      "name": "Sneaker Model 3",
      "slug": "sneaker-model-3",
      "description": "High quality sneaker number 3",
      "price": 1650000,
      "discount_percentage": null,
      "image_url": "/images/product-3.jpg",
      "brand_id": 4,
      "category_id": 3,
      "is_active": true,
      "created_at": "2025-12-31T06:18:01.620Z"
    },
    {
      "product_id": 4,
      "name": "Sneaker Model 4",
      "slug": "sneaker-model-4",
      "description": "High quality sneaker number 4",
      "price": 1700000,
      "discount_percentage": null,
      "image_url": "/images/product-4.jpg",
      "brand_id": 1,
      "category_id": 3,
      "is_active": true,
      "created_at": "2025-12-31T06:18:01.620Z"
    },
    {
      "product_id": 5,
      "name": "Sneaker Model 5",
      "slug": "sneaker-model-5",
      "description": "High quality sneaker number 5",
      "price": 1750000,
      "discount_percentage": 10,
      "image_url": "/images/product-5.jpg",
      "brand_id": 2,
      "category_id": 3,
      "is_active": true,
      "created_at": "2025-12-31T06:18:01.620Z"
    },
    {
      "product_id": 6,
      "name": "Sneaker Model 6",
      "slug": "sneaker-model-6",
      "description": "High quality sneaker number 6",
      "price": 1800000,
      "discount_percentage": null,
      "image_url": "/images/product-6.jpg",
      "brand_id": 3,
      "category_id": 3,
      "is_active": true,
      "created_at": "2025-12-31T06:18:01.620Z"
    },
    {
      "product_id": 7,
      "name": "Sneaker Model 7",
      "slug": "sneaker-model-7",
      "description": "High quality sneaker number 7",
      "price": 1850000,
      "discount_percentage": null,
      "image_url": "/images/product-7.jpg",
      "brand_id": 4,
      "category_id": 3,
      "is_active": true,
      "created_at": "2025-12-31T06:18:01.620Z"
    },
    {
      "product_id": 8,
      "name": "Sneaker Model 8",
      "slug": "sneaker-model-8",
      "description": "High quality sneaker number 8",
      "price": 1900000,
      "discount_percentage": null,
      "image_url": "/images/product-8.jpg",
      "brand_id": 1,
      "category_id": 3,
      "is_active": true,
      "created_at": "2025-12-31T06:18:01.620Z"
    },
    {
      "product_id": 9,
      "name": "Sneaker Model 9",
      "slug": "sneaker-model-9",
      "description": "High quality sneaker number 9",
      "price": 1950000,
      "discount_percentage": null,
      "image_url": "/images/product-9.jpg",
      "brand_id": 2,
      "category_id": 3,
      "is_active": true,
      "created_at": "2025-12-31T06:18:01.620Z"
    },
    {
      "product_id": 10,
      "name": "Sneaker Model 10",
      "slug": "sneaker-model-10",
      "description": "High quality sneaker number 10",
      "price": 2000000,
      "discount_percentage": 10,
      "image_url": "/images/product-10.jpg",
      "brand_id": 3,
      "category_id": 3,
      "is_active": true,
      "created_at": "2025-12-31T06:18:01.620Z"
    },
    {
      "product_id": 11,
      "name": "Sneaker Model 11",
      "slug": "sneaker-model-11",
      "description": "High quality sneaker number 11",
      "price": 2050000,
      "discount_percentage": null,
      "image_url": "/images/product-11.jpg",
      "brand_id": 4,
      "category_id": 3,
      "is_active": true,
      "created_at": "2025-12-31T06:18:01.620Z"
    },
    {
      "product_id": 12,
      "name": "Sneaker Model 12",
      "slug": "sneaker-model-12",
      "description": "High quality sneaker number 12",
      "price": 2100000,
      "discount_percentage": null,
      "image_url": "/images/product-12.jpg",
      "brand_id": 1,
      "category_id": 3,
      "is_active": true,
      "created_at": "2025-12-31T06:18:01.620Z"
    },
    {
      "product_id": 13,
      "name": "Sneaker Model 13",
      "slug": "sneaker-model-13",
      "description": "High quality sneaker number 13",
      "price": 2150000,
      "discount_percentage": null,
      "image_url": "/images/product-13.jpg",
      "brand_id": 2,
      "category_id": 3,
      "is_active": true,
      "created_at": "2025-12-31T06:18:01.620Z"
    },
    {
      "product_id": 14,
      "name": "Sneaker Model 14",
      "slug": "sneaker-model-14",
      "description": "High quality sneaker number 14",
      "price": 2200000,
      "discount_percentage": null,
      "image_url": "/images/product-14.jpg",
      "brand_id": 3,
      "category_id": 3,
      "is_active": true,
      "created_at": "2025-12-31T06:18:01.620Z"
    },
    {
      "product_id": 15,
      "name": "Sneaker Model 15",
      "slug": "sneaker-model-15",
      "description": "High quality sneaker number 15",
      "price": 2250000,
      "discount_percentage": 10,
      "image_url": "/images/product-15.jpg",
      "brand_id": 4,
      "category_id": 3,
      "is_active": true,
      "created_at": "2025-12-31T06:18:01.620Z"
    },
    {
      "product_id": 16,
      "name": "Sneaker Model 16",
      "slug": "sneaker-model-16",
      "description": "High quality sneaker number 16",
      "price": 2300000,
      "discount_percentage": null,
      "image_url": "/images/product-16.jpg",
      "brand_id": 1,
      "category_id": 3,
      "is_active": true,
      "created_at": "2025-12-31T06:18:01.620Z"
    },
    {
      "product_id": 17,
      "name": "Sneaker Model 17",
      "slug": "sneaker-model-17",
      "description": "High quality sneaker number 17",
      "price": 2350000,
      "discount_percentage": null,
      "image_url": "/images/product-17.jpg",
      "brand_id": 2,
      "category_id": 3,
      "is_active": true,
      "created_at": "2025-12-31T06:18:01.620Z"
    },
    {
      "product_id": 18,
      "name": "Sneaker Model 18",
      "slug": "sneaker-model-18",
      "description": "High quality sneaker number 18",
      "price": 2400000,
      "discount_percentage": null,
      "image_url": "/images/product-18.jpg",
      "brand_id": 3,
      "category_id": 3,
      "is_active": true,
      "created_at": "2025-12-31T06:18:01.620Z"
    },
    {
      "product_id": 19,
      "name": "Sneaker Model 19",
      "slug": "sneaker-model-19",
      "description": "High quality sneaker number 19",
      "price": 2450000,
      "discount_percentage": null,
      "image_url": "/images/product-19.jpg",
      "brand_id": 4,
      "category_id": 3,
      "is_active": true,
      "created_at": "2025-12-31T06:18:01.620Z"
    },
    {
      "product_id": 20,
      "name": "Sneaker Model 20",
      "slug": "sneaker-model-20",
      "description": "High quality sneaker number 20",
      "price": 2500000,
      "discount_percentage": 10,
      "image_url": "/images/product-20.jpg",
      "brand_id": 1,
      "category_id": 3,
      "is_active": true,
      "created_at": "2025-12-31T06:18:01.620Z"
    },
    {
      "product_id": 21,
      "name": "Sneaker Model 21",
      "slug": "sneaker-model-21",
      "description": "High quality sneaker number 21",
      "price": 2550000,
      "discount_percentage": null,
      "image_url": "/images/product-21.jpg",
      "brand_id": 2,
      "category_id": 3,
      "is_active": true,
      "created_at": "2025-12-31T06:18:01.620Z"
    },
    {
      "product_id": 22,
      "name": "Sneaker Model 22",
      "slug": "sneaker-model-22",
      "description": "High quality sneaker number 22",
      "price": 2600000,
      "discount_percentage": null,
      "image_url": "/images/product-22.jpg",
      "brand_id": 3,
      "category_id": 3,
      "is_active": true,
      "created_at": "2025-12-31T06:18:01.620Z"
    },
    {
      "product_id": 23,
      "name": "Sneaker Model 23",
      "slug": "sneaker-model-23",
      "description": "High quality sneaker number 23",
      "price": 2650000,
      "discount_percentage": null,
      "image_url": "/images/product-23.jpg",
      "brand_id": 4,
      "category_id": 3,
      "is_active": true,
      "created_at": "2025-12-31T06:18:01.620Z"
    },
    {
      "product_id": 24,
      "name": "Sneaker Model 24",
      "slug": "sneaker-model-24",
      "description": "High quality sneaker number 24",
      "price": 2700000,
      "discount_percentage": null,
      "image_url": "/images/product-24.jpg",
      "brand_id": 1,
      "category_id": 3,
      "is_active": true,
      "created_at": "2025-12-31T06:18:01.620Z"
    },
    {
      "product_id": 25,
      "name": "Sneaker Model 25",
      "slug": "sneaker-model-25",
      "description": "High quality sneaker number 25",
      "price": 2750000,
      "discount_percentage": 10,
      "image_url": "/images/product-25.jpg",
      "brand_id": 2,
      "category_id": 3,
      "is_active": true,
      "created_at": "2025-12-31T06:18:01.620Z"
    },
    {
      "product_id": 26,
      "name": "Sneaker Model 26",
      "slug": "sneaker-model-26",
      "description": "High quality sneaker number 26",
      "price": 2800000,
      "discount_percentage": null,
      "image_url": "/images/product-26.jpg",
      "brand_id": 3,
      "category_id": 3,
      "is_active": true,
      "created_at": "2025-12-31T06:18:01.620Z"
    },
    {
      "product_id": 27,
      "name": "Sneaker Model 27",
      "slug": "sneaker-model-27",
      "description": "High quality sneaker number 27",
      "price": 2850000,
      "discount_percentage": null,
      "image_url": "/images/product-27.jpg",
      "brand_id": 4,
      "category_id": 3,
      "is_active": true,
      "created_at": "2025-12-31T06:18:01.620Z"
    },
    {
      "product_id": 28,
      "name": "Sneaker Model 28",
      "slug": "sneaker-model-28",
      "description": "High quality sneaker number 28",
      "price": 2900000,
      "discount_percentage": null,
      "image_url": "/images/product-28.jpg",
      "brand_id": 1,
      "category_id": 3,
      "is_active": true,
      "created_at": "2025-12-31T06:18:01.620Z"
    },
    {
      "product_id": 29,
      "name": "Sneaker Model 29",
      "slug": "sneaker-model-29",
      "description": "High quality sneaker number 29",
      "price": 2950000,
      "discount_percentage": null,
      "image_url": "/images/product-29.jpg",
      "brand_id": 2,
      "category_id": 3,
      "is_active": true,
      "created_at": "2025-12-31T06:18:01.620Z"
    },
    {
      "product_id": 30,
      "name": "Sneaker Model 30",
      "slug": "sneaker-model-30",
      "description": "High quality sneaker number 30",
      "price": 3000000,
      "discount_percentage": 10,
      "image_url": "/images/product-30.jpg",
      "brand_id": 3,
      "category_id": 3,
      "is_active": true,
      "created_at": "2025-12-31T06:18:01.620Z"
    },
    {
      "product_id": 31,
      "name": "Sneaker Model 31",
      "slug": "sneaker-model-31",
      "description": "High quality sneaker number 31",
      "price": 3050000,
      "discount_percentage": null,
      "image_url": "/images/product-31.jpg",
      "brand_id": 4,
      "category_id": 3,
      "is_active": true,
      "created_at": "2025-12-31T06:18:01.620Z"
    },
    {
      "product_id": 32,
      "name": "Sneaker Model 32",
      "slug": "sneaker-model-32",
      "description": "High quality sneaker number 32",
      "price": 3100000,
      "discount_percentage": null,
      "image_url": "/images/product-32.jpg",
      "brand_id": 1,
      "category_id": 3,
      "is_active": true,
      "created_at": "2025-12-31T06:18:01.620Z"
    },
    {
      "product_id": 33,
      "name": "Sneaker Model 33",
      "slug": "sneaker-model-33",
      "description": "High quality sneaker number 33",
      "price": 3150000,
      "discount_percentage": null,
      "image_url": "/images/product-33.jpg",
      "brand_id": 2,
      "category_id": 3,
      "is_active": true,
      "created_at": "2025-12-31T06:18:01.620Z"
    },
    {
      "product_id": 34,
      "name": "Sneaker Model 34",
      "slug": "sneaker-model-34",
      "description": "High quality sneaker number 34",
      "price": 3200000,
      "discount_percentage": null,
      "image_url": "/images/product-34.jpg",
      "brand_id": 3,
      "category_id": 3,
      "is_active": true,
      "created_at": "2025-12-31T06:18:01.620Z"
    },
    {
      "product_id": 35,
      "name": "Sneaker Model 35",
      "slug": "sneaker-model-35",
      "description": "High quality sneaker number 35",
      "price": 3250000,
      "discount_percentage": 10,
      "image_url": "/images/product-35.jpg",
      "brand_id": 4,
      "category_id": 3,
      "is_active": true,
      "created_at": "2025-12-31T06:18:01.620Z"
    },
    {
      "product_id": 36,
      "name": "Sneaker Model 36",
      "slug": "sneaker-model-36",
      "description": "High quality sneaker number 36",
      "price": 3300000,
      "discount_percentage": null,
      "image_url": "/images/product-36.jpg",
      "brand_id": 1,
      "category_id": 3,
      "is_active": true,
      "created_at": "2025-12-31T06:18:01.620Z"
    },
    {
      "product_id": 37,
      "name": "Sneaker Model 37",
      "slug": "sneaker-model-37",
      "description": "High quality sneaker number 37",
      "price": 3350000,
      "discount_percentage": null,
      "image_url": "/images/product-37.jpg",
      "brand_id": 2,
      "category_id": 3,
      "is_active": true,
      "created_at": "2025-12-31T06:18:01.620Z"
    },
    {
      "product_id": 38,
      "name": "Sneaker Model 38",
      "slug": "sneaker-model-38",
      "description": "High quality sneaker number 38",
      "price": 3400000,
      "discount_percentage": null,
      "image_url": "/images/product-38.jpg",
      "brand_id": 3,
      "category_id": 3,
      "is_active": true,
      "created_at": "2025-12-31T06:18:01.620Z"
    },
    {
      "product_id": 39,
      "name": "Sneaker Model 39",
      "slug": "sneaker-model-39",
      "description": "High quality sneaker number 39",
      "price": 3450000,
      "discount_percentage": null,
      "image_url": "/images/product-39.jpg",
      "brand_id": 4,
      "category_id": 3,
      "is_active": true,
      "created_at": "2025-12-31T06:18:01.620Z"
    },
    {
      "product_id": 40,
      "name": "Sneaker Model 40",
      "slug": "sneaker-model-40",
      "description": "High quality sneaker number 40",
      "price": 3500000,
      "discount_percentage": 10,
      "image_url": "/images/product-40.jpg",
      "brand_id": 1,
      "category_id": 3,
      "is_active": true,
      "created_at": "2025-12-31T06:18:01.620Z"
    },
    {
      "product_id": 41,
      "name": "Sneaker Model 41",
      "slug": "sneaker-model-41",
      "description": "High quality sneaker number 41",
      "price": 3550000,
      "discount_percentage": null,
      "image_url": "/images/product-41.jpg",
      "brand_id": 2,
      "category_id": 3,
      "is_active": true,
      "created_at": "2025-12-31T06:18:01.620Z"
    },
    {
      "product_id": 42,
      "name": "Sneaker Model 42",
      "slug": "sneaker-model-42",
      "description": "High quality sneaker number 42",
      "price": 3600000,
      "discount_percentage": null,
      "image_url": "/images/product-42.jpg",
      "brand_id": 3,
      "category_id": 3,
      "is_active": true,
      "created_at": "2025-12-31T06:18:01.620Z"
    },
    {
      "product_id": 43,
      "name": "Sneaker Model 43",
      "slug": "sneaker-model-43",
      "description": "High quality sneaker number 43",
      "price": 3650000,
      "discount_percentage": null,
      "image_url": "/images/product-43.jpg",
      "brand_id": 4,
      "category_id": 3,
      "is_active": true,
      "created_at": "2025-12-31T06:18:01.620Z"
    },
    {
      "product_id": 44,
      "name": "Sneaker Model 44",
      "slug": "sneaker-model-44",
      "description": "High quality sneaker number 44",
      "price": 3700000,
      "discount_percentage": null,
      "image_url": "/images/product-44.jpg",
      "brand_id": 1,
      "category_id": 3,
      "is_active": true,
      "created_at": "2025-12-31T06:18:01.620Z"
    },
    {
      "product_id": 45,
      "name": "Sneaker Model 45",
      "slug": "sneaker-model-45",
      "description": "High quality sneaker number 45",
      "price": 3750000,
      "discount_percentage": 10,
      "image_url": "/images/product-45.jpg",
      "brand_id": 2,
      "category_id": 3,
      "is_active": true,
      "created_at": "2025-12-31T06:18:01.620Z"
    },
    {
      "product_id": 46,
      "name": "Sneaker Model 46",
      "slug": "sneaker-model-46",
      "description": "High quality sneaker number 46",
      "price": 3800000,
      "discount_percentage": null,
      "image_url": "/images/product-46.jpg",
      "brand_id": 3,
      "category_id": 3,
      "is_active": true,
      "created_at": "2025-12-31T06:18:01.620Z"
    },
    {
      "product_id": 47,
      "name": "Sneaker Model 47",
      "slug": "sneaker-model-47",
      "description": "High quality sneaker number 47",
      "price": 3850000,
      "discount_percentage": null,
      "image_url": "/images/product-47.jpg",
      "brand_id": 4,
      "category_id": 3,
      "is_active": true,
      "created_at": "2025-12-31T06:18:01.620Z"
    },
    {
      "product_id": 48,
      "name": "Sneaker Model 48",
      "slug": "sneaker-model-48",
      "description": "High quality sneaker number 48",
      "price": 3900000,
      "discount_percentage": null,
      "image_url": "/images/product-48.jpg",
      "brand_id": 1,
      "category_id": 3,
      "is_active": true,
      "created_at": "2025-12-31T06:18:01.620Z"
    },
    {
      "product_id": 49,
      "name": "Sneaker Model 49",
      "slug": "sneaker-model-49",
      "description": "High quality sneaker number 49",
      "price": 3950000,
      "discount_percentage": null,
      "image_url": "/images/product-49.jpg",
      "brand_id": 2,
      "category_id": 3,
      "is_active": true,
      "created_at": "2025-12-31T06:18:01.620Z"
    },
    {
      "product_id": 50,
      "name": "Sneaker Model 50",
      "slug": "sneaker-model-50",
      "description": "High quality sneaker number 50",
      "price": 4000000,
      "discount_percentage": 10,
      "image_url": "/images/product-50.jpg",
      "brand_id": 3,
      "category_id": 3,
      "is_active": true,
      "created_at": "2025-12-31T06:18:01.620Z"
    }
  ],
  "product_variants": [
    {
      "variant_id": 1,
      "product_id": 1,
      "size": "39",
      "color": "White",
      "sku": "SKU-1-0",
      "stock": 22
    },
    {
      "variant_id": 2,
      "product_id": 1,
      "size": "40",
      "color": "Black",
      "sku": "SKU-1-1",
      "stock": 11
    },
    {
      "variant_id": 3,
      "product_id": 1,
      "size": "41",
      "color": "Red",
      "sku": "SKU-1-2",
      "stock": 20
    },
    {
      "variant_id": 4,
      "product_id": 1,
      "size": "42",
      "color": "White",
      "sku": "SKU-1-3",
      "stock": 19
    },
    {
      "variant_id": 5,
      "product_id": 1,
      "size": "43",
      "color": "Black",
      "sku": "SKU-1-4",
      "stock": 29
    },
    {
      "variant_id": 6,
      "product_id": 1,
      "size": "39",
      "color": "Red",
      "sku": "SKU-1-5",
      "stock": 1
    },
    {
      "variant_id": 7,
      "product_id": 2,
      "size": "39",
      "color": "White",
      "sku": "SKU-2-0",
      "stock": 17
    },
    {
      "variant_id": 8,
      "product_id": 2,
      "size": "40",
      "color": "Black",
      "sku": "SKU-2-1",
      "stock": 23
    },
    {
      "variant_id": 9,
      "product_id": 2,
      "size": "41",
      "color": "Red",
      "sku": "SKU-2-2",
      "stock": 20
    },
    {
      "variant_id": 10,
      "product_id": 2,
      "size": "42",
      "color": "White",
      "sku": "SKU-2-3",
      "stock": 16
    },
    {
      "variant_id": 11,
      "product_id": 2,
      "size": "43",
      "color": "Black",
      "sku": "SKU-2-4",
      "stock": 17
    },
    {
      "variant_id": 12,
      "product_id": 2,
      "size": "39",
      "color": "Red",
      "sku": "SKU-2-5",
      "stock": 17
    },
    {
      "variant_id": 13,
      "product_id": 3,
      "size": "39",
      "color": "White",
      "sku": "SKU-3-0",
      "stock": 5
    },
    {
      "variant_id": 14,
      "product_id": 3,
      "size": "40",
      "color": "Black",
      "sku": "SKU-3-1",
      "stock": 0
    },
    {
      "variant_id": 15,
      "product_id": 3,
      "size": "41",
      "color": "Red",
      "sku": "SKU-3-2",
      "stock": 9
    },
    {
      "variant_id": 16,
      "product_id": 3,
      "size": "42",
      "color": "White",
      "sku": "SKU-3-3",
      "stock": 2
    },
    {
      "variant_id": 17,
      "product_id": 3,
      "size": "43",
      "color": "Black",
      "sku": "SKU-3-4",
      "stock": 20
    },
    {
      "variant_id": 18,
      "product_id": 3,
      "size": "39",
      "color": "Red",
      "sku": "SKU-3-5",
      "stock": 13
    },
    {
      "variant_id": 19,
      "product_id": 4,
      "size": "39",
      "color": "White",
      "sku": "SKU-4-0",
      "stock": 18
    },
    {
      "variant_id": 20,
      "product_id": 4,
      "size": "40",
      "color": "Black",
      "sku": "SKU-4-1",
      "stock": 12
    },
    {
      "variant_id": 21,
      "product_id": 4,
      "size": "41",
      "color": "Red",
      "sku": "SKU-4-2",
      "stock": 29
    },
    {
      "variant_id": 22,
      "product_id": 4,
      "size": "42",
      "color": "White",
      "sku": "SKU-4-3",
      "stock": 11
    },
    {
      "variant_id": 23,
      "product_id": 4,
      "size": "43",
      "color": "Black",
      "sku": "SKU-4-4",
      "stock": 19
    },
    {
      "variant_id": 24,
      "product_id": 4,
      "size": "39",
      "color": "Red",
      "sku": "SKU-4-5",
      "stock": 15
    },
    {
      "variant_id": 25,
      "product_id": 5,
      "size": "39",
      "color": "White",
      "sku": "SKU-5-0",
      "stock": 24
    },
    {
      "variant_id": 26,
      "product_id": 5,
      "size": "40",
      "color": "Black",
      "sku": "SKU-5-1",
      "stock": 28
    },
    {
      "variant_id": 27,
      "product_id": 5,
      "size": "41",
      "color": "Red",
      "sku": "SKU-5-2",
      "stock": 7
    },
    {
      "variant_id": 28,
      "product_id": 5,
      "size": "42",
      "color": "White",
      "sku": "SKU-5-3",
      "stock": 6
    },
    {
      "variant_id": 29,
      "product_id": 5,
      "size": "43",
      "color": "Black",
      "sku": "SKU-5-4",
      "stock": 23
    },
    {
      "variant_id": 30,
      "product_id": 5,
      "size": "39",
      "color": "Red",
      "sku": "SKU-5-5",
      "stock": 14
    },
    {
      "variant_id": 31,
      "product_id": 6,
      "size": "39",
      "color": "White",
      "sku": "SKU-6-0",
      "stock": 11
    },
    {
      "variant_id": 32,
      "product_id": 6,
      "size": "40",
      "color": "Black",
      "sku": "SKU-6-1",
      "stock": 2
    },
    {
      "variant_id": 33,
      "product_id": 6,
      "size": "41",
      "color": "Red",
      "sku": "SKU-6-2",
      "stock": 5
    },
    {
      "variant_id": 34,
      "product_id": 6,
      "size": "42",
      "color": "White",
      "sku": "SKU-6-3",
      "stock": 10
    },
    {
      "variant_id": 35,
      "product_id": 6,
      "size": "43",
      "color": "Black",
      "sku": "SKU-6-4",
      "stock": 6
    },
    {
      "variant_id": 36,
      "product_id": 6,
      "size": "39",
      "color": "Red",
      "sku": "SKU-6-5",
      "stock": 7
    },
    {
      "variant_id": 37,
      "product_id": 7,
      "size": "39",
      "color": "White",
      "sku": "SKU-7-0",
      "stock": 27
    },
    {
      "variant_id": 38,
      "product_id": 7,
      "size": "40",
      "color": "Black",
      "sku": "SKU-7-1",
      "stock": 28
    },
    {
      "variant_id": 39,
      "product_id": 7,
      "size": "41",
      "color": "Red",
      "sku": "SKU-7-2",
      "stock": 0
    },
    {
      "variant_id": 40,
      "product_id": 7,
      "size": "42",
      "color": "White",
      "sku": "SKU-7-3",
      "stock": 12
    },
    {
      "variant_id": 41,
      "product_id": 7,
      "size": "43",
      "color": "Black",
      "sku": "SKU-7-4",
      "stock": 10
    },
    {
      "variant_id": 42,
      "product_id": 7,
      "size": "39",
      "color": "Red",
      "sku": "SKU-7-5",
      "stock": 9
    },
    {
      "variant_id": 43,
      "product_id": 8,
      "size": "39",
      "color": "White",
      "sku": "SKU-8-0",
      "stock": 17
    },
    {
      "variant_id": 44,
      "product_id": 8,
      "size": "40",
      "color": "Black",
      "sku": "SKU-8-1",
      "stock": 25
    },
    {
      "variant_id": 45,
      "product_id": 8,
      "size": "41",
      "color": "Red",
      "sku": "SKU-8-2",
      "stock": 7
    },
    {
      "variant_id": 46,
      "product_id": 8,
      "size": "42",
      "color": "White",
      "sku": "SKU-8-3",
      "stock": 0
    },
    {
      "variant_id": 47,
      "product_id": 8,
      "size": "43",
      "color": "Black",
      "sku": "SKU-8-4",
      "stock": 4
    },
    {
      "variant_id": 48,
      "product_id": 8,
      "size": "39",
      "color": "Red",
      "sku": "SKU-8-5",
      "stock": 24
    },
    {
      "variant_id": 49,
      "product_id": 9,
      "size": "39",
      "color": "White",
      "sku": "SKU-9-0",
      "stock": 16
    },
    {
      "variant_id": 50,
      "product_id": 9,
      "size": "40",
      "color": "Black",
      "sku": "SKU-9-1",
      "stock": 28
    },
    {
      "variant_id": 51,
      "product_id": 9,
      "size": "41",
      "color": "Red",
      "sku": "SKU-9-2",
      "stock": 1
    },
    {
      "variant_id": 52,
      "product_id": 9,
      "size": "42",
      "color": "White",
      "sku": "SKU-9-3",
      "stock": 15
    },
    {
      "variant_id": 53,
      "product_id": 9,
      "size": "43",
      "color": "Black",
      "sku": "SKU-9-4",
      "stock": 20
    },
    {
      "variant_id": 54,
      "product_id": 9,
      "size": "39",
      "color": "Red",
      "sku": "SKU-9-5",
      "stock": 24
    },
    {
      "variant_id": 55,
      "product_id": 10,
      "size": "39",
      "color": "White",
      "sku": "SKU-10-0",
      "stock": 18
    },
    {
      "variant_id": 56,
      "product_id": 10,
      "size": "40",
      "color": "Black",
      "sku": "SKU-10-1",
      "stock": 9
    },
    {
      "variant_id": 57,
      "product_id": 10,
      "size": "41",
      "color": "Red",
      "sku": "SKU-10-2",
      "stock": 26
    },
    {
      "variant_id": 58,
      "product_id": 10,
      "size": "42",
      "color": "White",
      "sku": "SKU-10-3",
      "stock": 7
    },
    {
      "variant_id": 59,
      "product_id": 10,
      "size": "43",
      "color": "Black",
      "sku": "SKU-10-4",
      "stock": 5
    },
    {
      "variant_id": 60,
      "product_id": 10,
      "size": "39",
      "color": "Red",
      "sku": "SKU-10-5",
      "stock": 19
    },
    {
      "variant_id": 61,
      "product_id": 11,
      "size": "39",
      "color": "White",
      "sku": "SKU-11-0",
      "stock": 1
    },
    {
      "variant_id": 62,
      "product_id": 11,
      "size": "40",
      "color": "Black",
      "sku": "SKU-11-1",
      "stock": 12
    },
    {
      "variant_id": 63,
      "product_id": 11,
      "size": "41",
      "color": "Red",
      "sku": "SKU-11-2",
      "stock": 11
    },
    {
      "variant_id": 64,
      "product_id": 11,
      "size": "42",
      "color": "White",
      "sku": "SKU-11-3",
      "stock": 2
    },
    {
      "variant_id": 65,
      "product_id": 11,
      "size": "43",
      "color": "Black",
      "sku": "SKU-11-4",
      "stock": 8
    },
    {
      "variant_id": 66,
      "product_id": 11,
      "size": "39",
      "color": "Red",
      "sku": "SKU-11-5",
      "stock": 13
    },
    {
      "variant_id": 67,
      "product_id": 12,
      "size": "39",
      "color": "White",
      "sku": "SKU-12-0",
      "stock": 28
    },
    {
      "variant_id": 68,
      "product_id": 12,
      "size": "40",
      "color": "Black",
      "sku": "SKU-12-1",
      "stock": 20
    },
    {
      "variant_id": 69,
      "product_id": 12,
      "size": "41",
      "color": "Red",
      "sku": "SKU-12-2",
      "stock": 10
    },
    {
      "variant_id": 70,
      "product_id": 12,
      "size": "42",
      "color": "White",
      "sku": "SKU-12-3",
      "stock": 18
    },
    {
      "variant_id": 71,
      "product_id": 12,
      "size": "43",
      "color": "Black",
      "sku": "SKU-12-4",
      "stock": 22
    },
    {
      "variant_id": 72,
      "product_id": 12,
      "size": "39",
      "color": "Red",
      "sku": "SKU-12-5",
      "stock": 2
    },
    {
      "variant_id": 73,
      "product_id": 13,
      "size": "39",
      "color": "White",
      "sku": "SKU-13-0",
      "stock": 24
    },
    {
      "variant_id": 74,
      "product_id": 13,
      "size": "40",
      "color": "Black",
      "sku": "SKU-13-1",
      "stock": 23
    },
    {
      "variant_id": 75,
      "product_id": 13,
      "size": "41",
      "color": "Red",
      "sku": "SKU-13-2",
      "stock": 12
    },
    {
      "variant_id": 76,
      "product_id": 13,
      "size": "42",
      "color": "White",
      "sku": "SKU-13-3",
      "stock": 13
    },
    {
      "variant_id": 77,
      "product_id": 13,
      "size": "43",
      "color": "Black",
      "sku": "SKU-13-4",
      "stock": 3
    },
    {
      "variant_id": 78,
      "product_id": 13,
      "size": "39",
      "color": "Red",
      "sku": "SKU-13-5",
      "stock": 17
    },
    {
      "variant_id": 79,
      "product_id": 14,
      "size": "39",
      "color": "White",
      "sku": "SKU-14-0",
      "stock": 5
    },
    {
      "variant_id": 80,
      "product_id": 14,
      "size": "40",
      "color": "Black",
      "sku": "SKU-14-1",
      "stock": 28
    },
    {
      "variant_id": 81,
      "product_id": 14,
      "size": "41",
      "color": "Red",
      "sku": "SKU-14-2",
      "stock": 16
    },
    {
      "variant_id": 82,
      "product_id": 14,
      "size": "42",
      "color": "White",
      "sku": "SKU-14-3",
      "stock": 25
    },
    {
      "variant_id": 83,
      "product_id": 14,
      "size": "43",
      "color": "Black",
      "sku": "SKU-14-4",
      "stock": 2
    },
    {
      "variant_id": 84,
      "product_id": 14,
      "size": "39",
      "color": "Red",
      "sku": "SKU-14-5",
      "stock": 20
    },
    {
      "variant_id": 85,
      "product_id": 15,
      "size": "39",
      "color": "White",
      "sku": "SKU-15-0",
      "stock": 29
    },
    {
      "variant_id": 86,
      "product_id": 15,
      "size": "40",
      "color": "Black",
      "sku": "SKU-15-1",
      "stock": 20
    },
    {
      "variant_id": 87,
      "product_id": 15,
      "size": "41",
      "color": "Red",
      "sku": "SKU-15-2",
      "stock": 15
    },
    {
      "variant_id": 88,
      "product_id": 15,
      "size": "42",
      "color": "White",
      "sku": "SKU-15-3",
      "stock": 26
    },
    {
      "variant_id": 89,
      "product_id": 15,
      "size": "43",
      "color": "Black",
      "sku": "SKU-15-4",
      "stock": 7
    },
    {
      "variant_id": 90,
      "product_id": 15,
      "size": "39",
      "color": "Red",
      "sku": "SKU-15-5",
      "stock": 20
    },
    {
      "variant_id": 91,
      "product_id": 16,
      "size": "39",
      "color": "White",
      "sku": "SKU-16-0",
      "stock": 4
    },
    {
      "variant_id": 92,
      "product_id": 16,
      "size": "40",
      "color": "Black",
      "sku": "SKU-16-1",
      "stock": 19
    },
    {
      "variant_id": 93,
      "product_id": 16,
      "size": "41",
      "color": "Red",
      "sku": "SKU-16-2",
      "stock": 24
    },
    {
      "variant_id": 94,
      "product_id": 16,
      "size": "42",
      "color": "White",
      "sku": "SKU-16-3",
      "stock": 2
    },
    {
      "variant_id": 95,
      "product_id": 16,
      "size": "43",
      "color": "Black",
      "sku": "SKU-16-4",
      "stock": 12
    },
    {
      "variant_id": 96,
      "product_id": 16,
      "size": "39",
      "color": "Red",
      "sku": "SKU-16-5",
      "stock": 9
    },
    {
      "variant_id": 97,
      "product_id": 17,
      "size": "39",
      "color": "White",
      "sku": "SKU-17-0",
      "stock": 18
    },
    {
      "variant_id": 98,
      "product_id": 17,
      "size": "40",
      "color": "Black",
      "sku": "SKU-17-1",
      "stock": 9
    },
    {
      "variant_id": 99,
      "product_id": 17,
      "size": "41",
      "color": "Red",
      "sku": "SKU-17-2",
      "stock": 0
    },
    {
      "variant_id": 100,
      "product_id": 17,
      "size": "42",
      "color": "White",
      "sku": "SKU-17-3",
      "stock": 15
    },
    {
      "variant_id": 101,
      "product_id": 17,
      "size": "43",
      "color": "Black",
      "sku": "SKU-17-4",
      "stock": 5
    },
    {
      "variant_id": 102,
      "product_id": 17,
      "size": "39",
      "color": "Red",
      "sku": "SKU-17-5",
      "stock": 9
    },
    {
      "variant_id": 103,
      "product_id": 18,
      "size": "39",
      "color": "White",
      "sku": "SKU-18-0",
      "stock": 21
    },
    {
      "variant_id": 104,
      "product_id": 18,
      "size": "40",
      "color": "Black",
      "sku": "SKU-18-1",
      "stock": 5
    },
    {
      "variant_id": 105,
      "product_id": 18,
      "size": "41",
      "color": "Red",
      "sku": "SKU-18-2",
      "stock": 26
    },
    {
      "variant_id": 106,
      "product_id": 18,
      "size": "42",
      "color": "White",
      "sku": "SKU-18-3",
      "stock": 1
    },
    {
      "variant_id": 107,
      "product_id": 18,
      "size": "43",
      "color": "Black",
      "sku": "SKU-18-4",
      "stock": 16
    },
    {
      "variant_id": 108,
      "product_id": 18,
      "size": "39",
      "color": "Red",
      "sku": "SKU-18-5",
      "stock": 4
    },
    {
      "variant_id": 109,
      "product_id": 19,
      "size": "39",
      "color": "White",
      "sku": "SKU-19-0",
      "stock": 15
    },
    {
      "variant_id": 110,
      "product_id": 19,
      "size": "40",
      "color": "Black",
      "sku": "SKU-19-1",
      "stock": 3
    },
    {
      "variant_id": 111,
      "product_id": 19,
      "size": "41",
      "color": "Red",
      "sku": "SKU-19-2",
      "stock": 4
    },
    {
      "variant_id": 112,
      "product_id": 19,
      "size": "42",
      "color": "White",
      "sku": "SKU-19-3",
      "stock": 26
    },
    {
      "variant_id": 113,
      "product_id": 19,
      "size": "43",
      "color": "Black",
      "sku": "SKU-19-4",
      "stock": 2
    },
    {
      "variant_id": 114,
      "product_id": 19,
      "size": "39",
      "color": "Red",
      "sku": "SKU-19-5",
      "stock": 11
    },
    {
      "variant_id": 115,
      "product_id": 20,
      "size": "39",
      "color": "White",
      "sku": "SKU-20-0",
      "stock": 19
    },
    {
      "variant_id": 116,
      "product_id": 20,
      "size": "40",
      "color": "Black",
      "sku": "SKU-20-1",
      "stock": 11
    },
    {
      "variant_id": 117,
      "product_id": 20,
      "size": "41",
      "color": "Red",
      "sku": "SKU-20-2",
      "stock": 27
    },
    {
      "variant_id": 118,
      "product_id": 20,
      "size": "42",
      "color": "White",
      "sku": "SKU-20-3",
      "stock": 20
    },
    {
      "variant_id": 119,
      "product_id": 20,
      "size": "43",
      "color": "Black",
      "sku": "SKU-20-4",
      "stock": 1
    },
    {
      "variant_id": 120,
      "product_id": 20,
      "size": "39",
      "color": "Red",
      "sku": "SKU-20-5",
      "stock": 13
    },
    {
      "variant_id": 121,
      "product_id": 21,
      "size": "39",
      "color": "White",
      "sku": "SKU-21-0",
      "stock": 17
    },
    {
      "variant_id": 122,
      "product_id": 21,
      "size": "40",
      "color": "Black",
      "sku": "SKU-21-1",
      "stock": 29
    },
    {
      "variant_id": 123,
      "product_id": 21,
      "size": "41",
      "color": "Red",
      "sku": "SKU-21-2",
      "stock": 12
    },
    {
      "variant_id": 124,
      "product_id": 21,
      "size": "42",
      "color": "White",
      "sku": "SKU-21-3",
      "stock": 4
    },
    {
      "variant_id": 125,
      "product_id": 21,
      "size": "43",
      "color": "Black",
      "sku": "SKU-21-4",
      "stock": 26
    },
    {
      "variant_id": 126,
      "product_id": 21,
      "size": "39",
      "color": "Red",
      "sku": "SKU-21-5",
      "stock": 9
    },
    {
      "variant_id": 127,
      "product_id": 22,
      "size": "39",
      "color": "White",
      "sku": "SKU-22-0",
      "stock": 28
    },
    {
      "variant_id": 128,
      "product_id": 22,
      "size": "40",
      "color": "Black",
      "sku": "SKU-22-1",
      "stock": 18
    },
    {
      "variant_id": 129,
      "product_id": 22,
      "size": "41",
      "color": "Red",
      "sku": "SKU-22-2",
      "stock": 0
    },
    {
      "variant_id": 130,
      "product_id": 22,
      "size": "42",
      "color": "White",
      "sku": "SKU-22-3",
      "stock": 12
    },
    {
      "variant_id": 131,
      "product_id": 22,
      "size": "43",
      "color": "Black",
      "sku": "SKU-22-4",
      "stock": 22
    },
    {
      "variant_id": 132,
      "product_id": 22,
      "size": "39",
      "color": "Red",
      "sku": "SKU-22-5",
      "stock": 11
    },
    {
      "variant_id": 133,
      "product_id": 23,
      "size": "39",
      "color": "White",
      "sku": "SKU-23-0",
      "stock": 8
    },
    {
      "variant_id": 134,
      "product_id": 23,
      "size": "40",
      "color": "Black",
      "sku": "SKU-23-1",
      "stock": 26
    },
    {
      "variant_id": 135,
      "product_id": 23,
      "size": "41",
      "color": "Red",
      "sku": "SKU-23-2",
      "stock": 19
    },
    {
      "variant_id": 136,
      "product_id": 23,
      "size": "42",
      "color": "White",
      "sku": "SKU-23-3",
      "stock": 20
    },
    {
      "variant_id": 137,
      "product_id": 23,
      "size": "43",
      "color": "Black",
      "sku": "SKU-23-4",
      "stock": 19
    },
    {
      "variant_id": 138,
      "product_id": 23,
      "size": "39",
      "color": "Red",
      "sku": "SKU-23-5",
      "stock": 9
    },
    {
      "variant_id": 139,
      "product_id": 24,
      "size": "39",
      "color": "White",
      "sku": "SKU-24-0",
      "stock": 27
    },
    {
      "variant_id": 140,
      "product_id": 24,
      "size": "40",
      "color": "Black",
      "sku": "SKU-24-1",
      "stock": 16
    },
    {
      "variant_id": 141,
      "product_id": 24,
      "size": "41",
      "color": "Red",
      "sku": "SKU-24-2",
      "stock": 10
    },
    {
      "variant_id": 142,
      "product_id": 24,
      "size": "42",
      "color": "White",
      "sku": "SKU-24-3",
      "stock": 0
    },
    {
      "variant_id": 143,
      "product_id": 24,
      "size": "43",
      "color": "Black",
      "sku": "SKU-24-4",
      "stock": 2
    },
    {
      "variant_id": 144,
      "product_id": 24,
      "size": "39",
      "color": "Red",
      "sku": "SKU-24-5",
      "stock": 18
    },
    {
      "variant_id": 145,
      "product_id": 25,
      "size": "39",
      "color": "White",
      "sku": "SKU-25-0",
      "stock": 6
    },
    {
      "variant_id": 146,
      "product_id": 25,
      "size": "40",
      "color": "Black",
      "sku": "SKU-25-1",
      "stock": 7
    },
    {
      "variant_id": 147,
      "product_id": 25,
      "size": "41",
      "color": "Red",
      "sku": "SKU-25-2",
      "stock": 3
    },
    {
      "variant_id": 148,
      "product_id": 25,
      "size": "42",
      "color": "White",
      "sku": "SKU-25-3",
      "stock": 4
    },
    {
      "variant_id": 149,
      "product_id": 25,
      "size": "43",
      "color": "Black",
      "sku": "SKU-25-4",
      "stock": 29
    },
    {
      "variant_id": 150,
      "product_id": 25,
      "size": "39",
      "color": "Red",
      "sku": "SKU-25-5",
      "stock": 22
    },
    {
      "variant_id": 151,
      "product_id": 26,
      "size": "39",
      "color": "White",
      "sku": "SKU-26-0",
      "stock": 11
    },
    {
      "variant_id": 152,
      "product_id": 26,
      "size": "40",
      "color": "Black",
      "sku": "SKU-26-1",
      "stock": 1
    },
    {
      "variant_id": 153,
      "product_id": 26,
      "size": "41",
      "color": "Red",
      "sku": "SKU-26-2",
      "stock": 27
    },
    {
      "variant_id": 154,
      "product_id": 26,
      "size": "42",
      "color": "White",
      "sku": "SKU-26-3",
      "stock": 22
    },
    {
      "variant_id": 155,
      "product_id": 26,
      "size": "43",
      "color": "Black",
      "sku": "SKU-26-4",
      "stock": 28
    },
    {
      "variant_id": 156,
      "product_id": 26,
      "size": "39",
      "color": "Red",
      "sku": "SKU-26-5",
      "stock": 16
    },
    {
      "variant_id": 157,
      "product_id": 27,
      "size": "39",
      "color": "White",
      "sku": "SKU-27-0",
      "stock": 15
    },
    {
      "variant_id": 158,
      "product_id": 27,
      "size": "40",
      "color": "Black",
      "sku": "SKU-27-1",
      "stock": 0
    },
    {
      "variant_id": 159,
      "product_id": 27,
      "size": "41",
      "color": "Red",
      "sku": "SKU-27-2",
      "stock": 5
    },
    {
      "variant_id": 160,
      "product_id": 27,
      "size": "42",
      "color": "White",
      "sku": "SKU-27-3",
      "stock": 25
    },
    {
      "variant_id": 161,
      "product_id": 27,
      "size": "43",
      "color": "Black",
      "sku": "SKU-27-4",
      "stock": 24
    },
    {
      "variant_id": 162,
      "product_id": 27,
      "size": "39",
      "color": "Red",
      "sku": "SKU-27-5",
      "stock": 9
    },
    {
      "variant_id": 163,
      "product_id": 28,
      "size": "39",
      "color": "White",
      "sku": "SKU-28-0",
      "stock": 29
    },
    {
      "variant_id": 164,
      "product_id": 28,
      "size": "40",
      "color": "Black",
      "sku": "SKU-28-1",
      "stock": 22
    },
    {
      "variant_id": 165,
      "product_id": 28,
      "size": "41",
      "color": "Red",
      "sku": "SKU-28-2",
      "stock": 17
    },
    {
      "variant_id": 166,
      "product_id": 28,
      "size": "42",
      "color": "White",
      "sku": "SKU-28-3",
      "stock": 16
    },
    {
      "variant_id": 167,
      "product_id": 28,
      "size": "43",
      "color": "Black",
      "sku": "SKU-28-4",
      "stock": 29
    },
    {
      "variant_id": 168,
      "product_id": 28,
      "size": "39",
      "color": "Red",
      "sku": "SKU-28-5",
      "stock": 22
    },
    {
      "variant_id": 169,
      "product_id": 29,
      "size": "39",
      "color": "White",
      "sku": "SKU-29-0",
      "stock": 14
    },
    {
      "variant_id": 170,
      "product_id": 29,
      "size": "40",
      "color": "Black",
      "sku": "SKU-29-1",
      "stock": 17
    },
    {
      "variant_id": 171,
      "product_id": 29,
      "size": "41",
      "color": "Red",
      "sku": "SKU-29-2",
      "stock": 1
    },
    {
      "variant_id": 172,
      "product_id": 29,
      "size": "42",
      "color": "White",
      "sku": "SKU-29-3",
      "stock": 17
    },
    {
      "variant_id": 173,
      "product_id": 29,
      "size": "43",
      "color": "Black",
      "sku": "SKU-29-4",
      "stock": 5
    },
    {
      "variant_id": 174,
      "product_id": 29,
      "size": "39",
      "color": "Red",
      "sku": "SKU-29-5",
      "stock": 11
    },
    {
      "variant_id": 175,
      "product_id": 30,
      "size": "39",
      "color": "White",
      "sku": "SKU-30-0",
      "stock": 25
    },
    {
      "variant_id": 176,
      "product_id": 30,
      "size": "40",
      "color": "Black",
      "sku": "SKU-30-1",
      "stock": 22
    },
    {
      "variant_id": 177,
      "product_id": 30,
      "size": "41",
      "color": "Red",
      "sku": "SKU-30-2",
      "stock": 1
    },
    {
      "variant_id": 178,
      "product_id": 30,
      "size": "42",
      "color": "White",
      "sku": "SKU-30-3",
      "stock": 7
    },
    {
      "variant_id": 179,
      "product_id": 30,
      "size": "43",
      "color": "Black",
      "sku": "SKU-30-4",
      "stock": 23
    },
    {
      "variant_id": 180,
      "product_id": 30,
      "size": "39",
      "color": "Red",
      "sku": "SKU-30-5",
      "stock": 7
    },
    {
      "variant_id": 181,
      "product_id": 31,
      "size": "39",
      "color": "White",
      "sku": "SKU-31-0",
      "stock": 8
    },
    {
      "variant_id": 182,
      "product_id": 31,
      "size": "40",
      "color": "Black",
      "sku": "SKU-31-1",
      "stock": 8
    },
    {
      "variant_id": 183,
      "product_id": 31,
      "size": "41",
      "color": "Red",
      "sku": "SKU-31-2",
      "stock": 27
    },
    {
      "variant_id": 184,
      "product_id": 31,
      "size": "42",
      "color": "White",
      "sku": "SKU-31-3",
      "stock": 13
    },
    {
      "variant_id": 185,
      "product_id": 31,
      "size": "43",
      "color": "Black",
      "sku": "SKU-31-4",
      "stock": 11
    },
    {
      "variant_id": 186,
      "product_id": 31,
      "size": "39",
      "color": "Red",
      "sku": "SKU-31-5",
      "stock": 27
    },
    {
      "variant_id": 187,
      "product_id": 32,
      "size": "39",
      "color": "White",
      "sku": "SKU-32-0",
      "stock": 27
    },
    {
      "variant_id": 188,
      "product_id": 32,
      "size": "40",
      "color": "Black",
      "sku": "SKU-32-1",
      "stock": 9
    },
    {
      "variant_id": 189,
      "product_id": 32,
      "size": "41",
      "color": "Red",
      "sku": "SKU-32-2",
      "stock": 3
    },
    {
      "variant_id": 190,
      "product_id": 32,
      "size": "42",
      "color": "White",
      "sku": "SKU-32-3",
      "stock": 24
    },
    {
      "variant_id": 191,
      "product_id": 32,
      "size": "43",
      "color": "Black",
      "sku": "SKU-32-4",
      "stock": 9
    },
    {
      "variant_id": 192,
      "product_id": 32,
      "size": "39",
      "color": "Red",
      "sku": "SKU-32-5",
      "stock": 11
    },
    {
      "variant_id": 193,
      "product_id": 33,
      "size": "39",
      "color": "White",
      "sku": "SKU-33-0",
      "stock": 28
    },
    {
      "variant_id": 194,
      "product_id": 33,
      "size": "40",
      "color": "Black",
      "sku": "SKU-33-1",
      "stock": 8
    },
    {
      "variant_id": 195,
      "product_id": 33,
      "size": "41",
      "color": "Red",
      "sku": "SKU-33-2",
      "stock": 16
    },
    {
      "variant_id": 196,
      "product_id": 33,
      "size": "42",
      "color": "White",
      "sku": "SKU-33-3",
      "stock": 29
    },
    {
      "variant_id": 197,
      "product_id": 33,
      "size": "43",
      "color": "Black",
      "sku": "SKU-33-4",
      "stock": 10
    },
    {
      "variant_id": 198,
      "product_id": 33,
      "size": "39",
      "color": "Red",
      "sku": "SKU-33-5",
      "stock": 0
    },
    {
      "variant_id": 199,
      "product_id": 34,
      "size": "39",
      "color": "White",
      "sku": "SKU-34-0",
      "stock": 12
    },
    {
      "variant_id": 200,
      "product_id": 34,
      "size": "40",
      "color": "Black",
      "sku": "SKU-34-1",
      "stock": 1
    },
    {
      "variant_id": 201,
      "product_id": 34,
      "size": "41",
      "color": "Red",
      "sku": "SKU-34-2",
      "stock": 26
    },
    {
      "variant_id": 202,
      "product_id": 34,
      "size": "42",
      "color": "White",
      "sku": "SKU-34-3",
      "stock": 27
    },
    {
      "variant_id": 203,
      "product_id": 34,
      "size": "43",
      "color": "Black",
      "sku": "SKU-34-4",
      "stock": 23
    },
    {
      "variant_id": 204,
      "product_id": 34,
      "size": "39",
      "color": "Red",
      "sku": "SKU-34-5",
      "stock": 10
    },
    {
      "variant_id": 205,
      "product_id": 35,
      "size": "39",
      "color": "White",
      "sku": "SKU-35-0",
      "stock": 3
    },
    {
      "variant_id": 206,
      "product_id": 35,
      "size": "40",
      "color": "Black",
      "sku": "SKU-35-1",
      "stock": 3
    },
    {
      "variant_id": 207,
      "product_id": 35,
      "size": "41",
      "color": "Red",
      "sku": "SKU-35-2",
      "stock": 3
    },
    {
      "variant_id": 208,
      "product_id": 35,
      "size": "42",
      "color": "White",
      "sku": "SKU-35-3",
      "stock": 28
    },
    {
      "variant_id": 209,
      "product_id": 35,
      "size": "43",
      "color": "Black",
      "sku": "SKU-35-4",
      "stock": 10
    },
    {
      "variant_id": 210,
      "product_id": 35,
      "size": "39",
      "color": "Red",
      "sku": "SKU-35-5",
      "stock": 18
    },
    {
      "variant_id": 211,
      "product_id": 36,
      "size": "39",
      "color": "White",
      "sku": "SKU-36-0",
      "stock": 3
    },
    {
      "variant_id": 212,
      "product_id": 36,
      "size": "40",
      "color": "Black",
      "sku": "SKU-36-1",
      "stock": 13
    },
    {
      "variant_id": 213,
      "product_id": 36,
      "size": "41",
      "color": "Red",
      "sku": "SKU-36-2",
      "stock": 17
    },
    {
      "variant_id": 214,
      "product_id": 36,
      "size": "42",
      "color": "White",
      "sku": "SKU-36-3",
      "stock": 19
    },
    {
      "variant_id": 215,
      "product_id": 36,
      "size": "43",
      "color": "Black",
      "sku": "SKU-36-4",
      "stock": 0
    },
    {
      "variant_id": 216,
      "product_id": 36,
      "size": "39",
      "color": "Red",
      "sku": "SKU-36-5",
      "stock": 8
    },
    {
      "variant_id": 217,
      "product_id": 37,
      "size": "39",
      "color": "White",
      "sku": "SKU-37-0",
      "stock": 5
    },
    {
      "variant_id": 218,
      "product_id": 37,
      "size": "40",
      "color": "Black",
      "sku": "SKU-37-1",
      "stock": 14
    },
    {
      "variant_id": 219,
      "product_id": 37,
      "size": "41",
      "color": "Red",
      "sku": "SKU-37-2",
      "stock": 23
    },
    {
      "variant_id": 220,
      "product_id": 37,
      "size": "42",
      "color": "White",
      "sku": "SKU-37-3",
      "stock": 21
    },
    {
      "variant_id": 221,
      "product_id": 37,
      "size": "43",
      "color": "Black",
      "sku": "SKU-37-4",
      "stock": 27
    },
    {
      "variant_id": 222,
      "product_id": 37,
      "size": "39",
      "color": "Red",
      "sku": "SKU-37-5",
      "stock": 17
    },
    {
      "variant_id": 223,
      "product_id": 38,
      "size": "39",
      "color": "White",
      "sku": "SKU-38-0",
      "stock": 26
    },
    {
      "variant_id": 224,
      "product_id": 38,
      "size": "40",
      "color": "Black",
      "sku": "SKU-38-1",
      "stock": 24
    },
    {
      "variant_id": 225,
      "product_id": 38,
      "size": "41",
      "color": "Red",
      "sku": "SKU-38-2",
      "stock": 29
    },
    {
      "variant_id": 226,
      "product_id": 38,
      "size": "42",
      "color": "White",
      "sku": "SKU-38-3",
      "stock": 19
    },
    {
      "variant_id": 227,
      "product_id": 38,
      "size": "43",
      "color": "Black",
      "sku": "SKU-38-4",
      "stock": 25
    },
    {
      "variant_id": 228,
      "product_id": 38,
      "size": "39",
      "color": "Red",
      "sku": "SKU-38-5",
      "stock": 27
    },
    {
      "variant_id": 229,
      "product_id": 39,
      "size": "39",
      "color": "White",
      "sku": "SKU-39-0",
      "stock": 3
    },
    {
      "variant_id": 230,
      "product_id": 39,
      "size": "40",
      "color": "Black",
      "sku": "SKU-39-1",
      "stock": 22
    },
    {
      "variant_id": 231,
      "product_id": 39,
      "size": "41",
      "color": "Red",
      "sku": "SKU-39-2",
      "stock": 8
    },
    {
      "variant_id": 232,
      "product_id": 39,
      "size": "42",
      "color": "White",
      "sku": "SKU-39-3",
      "stock": 22
    },
    {
      "variant_id": 233,
      "product_id": 39,
      "size": "43",
      "color": "Black",
      "sku": "SKU-39-4",
      "stock": 8
    },
    {
      "variant_id": 234,
      "product_id": 39,
      "size": "39",
      "color": "Red",
      "sku": "SKU-39-5",
      "stock": 20
    },
    {
      "variant_id": 235,
      "product_id": 40,
      "size": "39",
      "color": "White",
      "sku": "SKU-40-0",
      "stock": 28
    },
    {
      "variant_id": 236,
      "product_id": 40,
      "size": "40",
      "color": "Black",
      "sku": "SKU-40-1",
      "stock": 10
    },
    {
      "variant_id": 237,
      "product_id": 40,
      "size": "41",
      "color": "Red",
      "sku": "SKU-40-2",
      "stock": 16
    },
    {
      "variant_id": 238,
      "product_id": 40,
      "size": "42",
      "color": "White",
      "sku": "SKU-40-3",
      "stock": 10
    },
    {
      "variant_id": 239,
      "product_id": 40,
      "size": "43",
      "color": "Black",
      "sku": "SKU-40-4",
      "stock": 7
    },
    {
      "variant_id": 240,
      "product_id": 40,
      "size": "39",
      "color": "Red",
      "sku": "SKU-40-5",
      "stock": 24
    },
    {
      "variant_id": 241,
      "product_id": 41,
      "size": "39",
      "color": "White",
      "sku": "SKU-41-0",
      "stock": 23
    },
    {
      "variant_id": 242,
      "product_id": 41,
      "size": "40",
      "color": "Black",
      "sku": "SKU-41-1",
      "stock": 5
    },
    {
      "variant_id": 243,
      "product_id": 41,
      "size": "41",
      "color": "Red",
      "sku": "SKU-41-2",
      "stock": 7
    },
    {
      "variant_id": 244,
      "product_id": 41,
      "size": "42",
      "color": "White",
      "sku": "SKU-41-3",
      "stock": 3
    },
    {
      "variant_id": 245,
      "product_id": 41,
      "size": "43",
      "color": "Black",
      "sku": "SKU-41-4",
      "stock": 3
    },
    {
      "variant_id": 246,
      "product_id": 41,
      "size": "39",
      "color": "Red",
      "sku": "SKU-41-5",
      "stock": 21
    },
    {
      "variant_id": 247,
      "product_id": 42,
      "size": "39",
      "color": "White",
      "sku": "SKU-42-0",
      "stock": 8
    },
    {
      "variant_id": 248,
      "product_id": 42,
      "size": "40",
      "color": "Black",
      "sku": "SKU-42-1",
      "stock": 13
    },
    {
      "variant_id": 249,
      "product_id": 42,
      "size": "41",
      "color": "Red",
      "sku": "SKU-42-2",
      "stock": 4
    },
    {
      "variant_id": 250,
      "product_id": 42,
      "size": "42",
      "color": "White",
      "sku": "SKU-42-3",
      "stock": 1
    },
    {
      "variant_id": 251,
      "product_id": 42,
      "size": "43",
      "color": "Black",
      "sku": "SKU-42-4",
      "stock": 14
    },
    {
      "variant_id": 252,
      "product_id": 42,
      "size": "39",
      "color": "Red",
      "sku": "SKU-42-5",
      "stock": 23
    },
    {
      "variant_id": 253,
      "product_id": 43,
      "size": "39",
      "color": "White",
      "sku": "SKU-43-0",
      "stock": 2
    },
    {
      "variant_id": 254,
      "product_id": 43,
      "size": "40",
      "color": "Black",
      "sku": "SKU-43-1",
      "stock": 23
    },
    {
      "variant_id": 255,
      "product_id": 43,
      "size": "41",
      "color": "Red",
      "sku": "SKU-43-2",
      "stock": 18
    },
    {
      "variant_id": 256,
      "product_id": 43,
      "size": "42",
      "color": "White",
      "sku": "SKU-43-3",
      "stock": 16
    },
    {
      "variant_id": 257,
      "product_id": 43,
      "size": "43",
      "color": "Black",
      "sku": "SKU-43-4",
      "stock": 14
    },
    {
      "variant_id": 258,
      "product_id": 43,
      "size": "39",
      "color": "Red",
      "sku": "SKU-43-5",
      "stock": 5
    },
    {
      "variant_id": 259,
      "product_id": 44,
      "size": "39",
      "color": "White",
      "sku": "SKU-44-0",
      "stock": 17
    },
    {
      "variant_id": 260,
      "product_id": 44,
      "size": "40",
      "color": "Black",
      "sku": "SKU-44-1",
      "stock": 22
    },
    {
      "variant_id": 261,
      "product_id": 44,
      "size": "41",
      "color": "Red",
      "sku": "SKU-44-2",
      "stock": 25
    },
    {
      "variant_id": 262,
      "product_id": 44,
      "size": "42",
      "color": "White",
      "sku": "SKU-44-3",
      "stock": 25
    },
    {
      "variant_id": 263,
      "product_id": 44,
      "size": "43",
      "color": "Black",
      "sku": "SKU-44-4",
      "stock": 23
    },
    {
      "variant_id": 264,
      "product_id": 44,
      "size": "39",
      "color": "Red",
      "sku": "SKU-44-5",
      "stock": 12
    },
    {
      "variant_id": 265,
      "product_id": 45,
      "size": "39",
      "color": "White",
      "sku": "SKU-45-0",
      "stock": 12
    },
    {
      "variant_id": 266,
      "product_id": 45,
      "size": "40",
      "color": "Black",
      "sku": "SKU-45-1",
      "stock": 23
    },
    {
      "variant_id": 267,
      "product_id": 45,
      "size": "41",
      "color": "Red",
      "sku": "SKU-45-2",
      "stock": 0
    },
    {
      "variant_id": 268,
      "product_id": 45,
      "size": "42",
      "color": "White",
      "sku": "SKU-45-3",
      "stock": 4
    },
    {
      "variant_id": 269,
      "product_id": 45,
      "size": "43",
      "color": "Black",
      "sku": "SKU-45-4",
      "stock": 12
    },
    {
      "variant_id": 270,
      "product_id": 45,
      "size": "39",
      "color": "Red",
      "sku": "SKU-45-5",
      "stock": 25
    },
    {
      "variant_id": 271,
      "product_id": 46,
      "size": "39",
      "color": "White",
      "sku": "SKU-46-0",
      "stock": 1
    },
    {
      "variant_id": 272,
      "product_id": 46,
      "size": "40",
      "color": "Black",
      "sku": "SKU-46-1",
      "stock": 22
    },
    {
      "variant_id": 273,
      "product_id": 46,
      "size": "41",
      "color": "Red",
      "sku": "SKU-46-2",
      "stock": 9
    },
    {
      "variant_id": 274,
      "product_id": 46,
      "size": "42",
      "color": "White",
      "sku": "SKU-46-3",
      "stock": 6
    },
    {
      "variant_id": 275,
      "product_id": 46,
      "size": "43",
      "color": "Black",
      "sku": "SKU-46-4",
      "stock": 18
    },
    {
      "variant_id": 276,
      "product_id": 46,
      "size": "39",
      "color": "Red",
      "sku": "SKU-46-5",
      "stock": 0
    },
    {
      "variant_id": 277,
      "product_id": 47,
      "size": "39",
      "color": "White",
      "sku": "SKU-47-0",
      "stock": 13
    },
    {
      "variant_id": 278,
      "product_id": 47,
      "size": "40",
      "color": "Black",
      "sku": "SKU-47-1",
      "stock": 18
    },
    {
      "variant_id": 279,
      "product_id": 47,
      "size": "41",
      "color": "Red",
      "sku": "SKU-47-2",
      "stock": 12
    },
    {
      "variant_id": 280,
      "product_id": 47,
      "size": "42",
      "color": "White",
      "sku": "SKU-47-3",
      "stock": 0
    },
    {
      "variant_id": 281,
      "product_id": 47,
      "size": "43",
      "color": "Black",
      "sku": "SKU-47-4",
      "stock": 4
    },
    {
      "variant_id": 282,
      "product_id": 47,
      "size": "39",
      "color": "Red",
      "sku": "SKU-47-5",
      "stock": 8
    },
    {
      "variant_id": 283,
      "product_id": 48,
      "size": "39",
      "color": "White",
      "sku": "SKU-48-0",
      "stock": 7
    },
    {
      "variant_id": 284,
      "product_id": 48,
      "size": "40",
      "color": "Black",
      "sku": "SKU-48-1",
      "stock": 15
    },
    {
      "variant_id": 285,
      "product_id": 48,
      "size": "41",
      "color": "Red",
      "sku": "SKU-48-2",
      "stock": 4
    },
    {
      "variant_id": 286,
      "product_id": 48,
      "size": "42",
      "color": "White",
      "sku": "SKU-48-3",
      "stock": 7
    },
    {
      "variant_id": 287,
      "product_id": 48,
      "size": "43",
      "color": "Black",
      "sku": "SKU-48-4",
      "stock": 13
    },
    {
      "variant_id": 288,
      "product_id": 48,
      "size": "39",
      "color": "Red",
      "sku": "SKU-48-5",
      "stock": 6
    },
    {
      "variant_id": 289,
      "product_id": 49,
      "size": "39",
      "color": "White",
      "sku": "SKU-49-0",
      "stock": 16
    },
    {
      "variant_id": 290,
      "product_id": 49,
      "size": "40",
      "color": "Black",
      "sku": "SKU-49-1",
      "stock": 3
    },
    {
      "variant_id": 291,
      "product_id": 49,
      "size": "41",
      "color": "Red",
      "sku": "SKU-49-2",
      "stock": 5
    },
    {
      "variant_id": 292,
      "product_id": 49,
      "size": "42",
      "color": "White",
      "sku": "SKU-49-3",
      "stock": 29
    },
    {
      "variant_id": 293,
      "product_id": 49,
      "size": "43",
      "color": "Black",
      "sku": "SKU-49-4",
      "stock": 5
    },
    {
      "variant_id": 294,
      "product_id": 49,
      "size": "39",
      "color": "Red",
      "sku": "SKU-49-5",
      "stock": 2
    },
    {
      "variant_id": 295,
      "product_id": 50,
      "size": "39",
      "color": "White",
      "sku": "SKU-50-0",
      "stock": 25
    },
    {
      "variant_id": 296,
      "product_id": 50,
      "size": "40",
      "color": "Black",
      "sku": "SKU-50-1",
      "stock": 8
    },
    {
      "variant_id": 297,
      "product_id": 50,
      "size": "41",
      "color": "Red",
      "sku": "SKU-50-2",
      "stock": 11
    },
    {
      "variant_id": 298,
      "product_id": 50,
      "size": "42",
      "color": "White",
      "sku": "SKU-50-3",
      "stock": 24
    },
    {
      "variant_id": 299,
      "product_id": 50,
      "size": "43",
      "color": "Black",
      "sku": "SKU-50-4",
      "stock": 24
    },
    {
      "variant_id": 300,
      "product_id": 50,
      "size": "39",
      "color": "Red",
      "sku": "SKU-50-5",
      "stock": 28
    }
  ],
  "users": [
    {
      "user_id": 1,
      "username": "admin",
      "email": "admin@gmail.com",
      "password": "123456",
      "fullname": "Admin User",
      "roles": [
        "ADMIN"
      ],
      "address": null,
      "city": null,
      "country": "VN",
      "state": null,
      "phone": null,
      "gender": null,
      "google_id": null,
      "created_at": "2025-12-31T06:18:01.620Z"
    },
    {
      "user_id": 2,
      "username": "user01",
      "email": "user@gmail.com",
      "password": "123456",
      "fullname": "Normal User",
      "roles": [
        "USER"
      ],
      "address": "HCM City",
      "city": "HCM",
      "country": "VN",
      "state": null,
      "phone": "0123456789",
      "gender": "male",
      "google_id": null,
      "created_at": "2025-12-31T06:18:01.620Z"
    }
  ],
  "cart": [
    {
      "cart_id": 1,
      "user_id": 2,
      "created_at": "2025-12-31T06:18:01.620Z"
    }
  ],
  "cart_item": [
    {
      "id": 1,
      "cart_id": 1,
      "variant_id": 1,
      "quantity": 2
    }
  ],
  "orders": [
    {
      "order_id": 1,
      "user_id": 2,
      "status": "PENDING",
      "payment": "COD",
      "shipping_address": "Ho Chi Minh City",
      "total_amount": 3000000,
      "created_at": "2025-12-31T06:18:01.620Z"
    }
  ],
  "order_item": [
    {
      "id": 1,
      "order_id": 1,
      "variant_id": 1,
      "price": 1500000,
      "quantity": 2
    }
  ],
  "wishlists": [
    {
      "id": 1,
      "user_id": 2,
      "product_id": 1
    }
  ],
  "reviews": [
    {
      "review_id": 1,
      "product_id": 1,
      "user_id": 2,
      "rating": 5,
      "content": "Very good quality!",
      "created_at": "2025-12-31T06:18:01.620Z"
    }
  ],
  "sessions": [],
  "resetTokens": []
}